sentiment_bucket,account_days,total_net_pnl,avg_daily_pnl,median_daily_pnl,daily_win_rate,avg_trade_win_rate,avg_trades,avg_trade_size_usd,avg_gross_notional_usd,avg_fee,avg_abs_start_position
Fear,790,3979920.1075184583,5037.873553820833,104.55339749999999,0.5924050632911393,0.8422935232428521,105.3632911392405,8529.859802485056,756720.3180126583,147.27288938423,80173.55811726353
Greed,1174,4775171.226179682,4067.437160289337,235.91735899999998,0.6345826235093697,0.8563066461899026,76.91226575809199,5954.63263265916,351829.35203577514,76.77117329158288,52247.71072163196
Neutral,376,1253546.4072461294,3333.9000192716207,151.366218,0.6223404255319149,0.835721080495226,100.22872340425532,6963.694860853634,479367.18904255313,104.71879868050745,78033.22152797841
